{"m":[4,5,6,7,8,9,10,11,12,13,14],"n_rep":100,"n_loop":500,"sleep_ns":1000,"fft_name":"cp_dit_bi_G_L.zig","min_time_f32":[1.6041e-5,3.775e-5,8.7e-5,1.9862500000000002e-4,4.45041e-4,9.98e-4,2.20725e-3,4.800917e-3,1.0399708e-2,2.2252833000000003e-2,5.1624625e-2],"med_time_f32":[1.6125000000000002e-5,3.9125e-5,8.79585e-5,1.9887500000000002e-4,4.4520800000000005e-4,1.0126665e-3,2.2160835000000004e-3,4.8171665e-3,1.0603375000000002e-2,2.23357505e-2,5.203595800000001e-2],"min_time_f64":[1.5917e-5,3.6875e-5,1.03708e-4,1.92708e-4,4.3275000000000003e-4,9.670410000000001e-4,2.2195e-3,4.861833e-3,1.0555542000000001e-2,2.4618459000000002e-2,1.23514917e-1],"med_time_f64":[1.6000000000000003e-5,3.81455e-5,1.0383400000000001e-4,1.9285450000000002e-4,4.33e-4,9.698335e-4,2.2226255000000004e-3,4.8842295e-3,1.0580354e-2,2.4681958500000004e-2,1.251368125e-1]}