{"m":[4,5,6,7,8,9,10,11,12,13,14],"n_rep":100,"n_loop":500,"sleep_ns":1000,"fft_name":"cp_dit_bi_G_L_P.zig","min_time_f32":[1.1875e-5,3.0292e-5,7.2333e-5,1.6970800000000002e-4,3.89333e-4,8.835410000000001e-4,1.9751250000000003e-3,4.3420410000000005e-3,9.334041000000001e-3,2.0504667e-2,4.8045500000000005e-2],"med_time_f32":[1.2375000000000001e-5,3.075e-5,7.422900000000001e-5,1.7512500000000001e-4,3.9077050000000004e-4,9.02042e-4,2.049125e-3,4.5428955e-3,9.5020415e-3,2.0974604e-2,4.812704150000001e-2],"min_time_f64":[1.2166e-5,3.0250000000000003e-5,9.9875e-5,1.69791e-4,3.8795800000000004e-4,8.802920000000001e-4,2.045208e-3,4.522542e-3,9.887958e-3,2.3361e-2,1.20796625e-1],"med_time_f64":[1.2208e-5,3.0375000000000003e-5,1.00208e-4,1.6991600000000002e-4,3.88084e-4,8.837080000000001e-4,2.0490415000000003e-3,4.529458e-3,9.900292e-3,2.3484438000000003e-2,1.2225564600000001e-1]}