{"m":[4,5,6,7,8,9,10,11,12,13,14],"n_rep":100,"n_loop":500,"sleep_ns":1000,"fft_name":"cp_dit_dr_S_P.zig","min_time_f32":[1.6292000000000003e-5,4.0875000000000004e-5,9.3708e-5,2.1679200000000002e-4,4.8512500000000004e-4,1.081834e-3,2.380917e-3,5.138541e-3,1.1083250000000001e-2,2.3898500000000003e-2,5.2588834e-2],"med_time_f32":[1.6667e-5,4.1083e-5,9.55415e-5,2.172915e-4,4.8724950000000004e-4,1.088208e-3,2.393875e-3,5.2386875e-3,1.1224125000000001e-2,2.4087e-2,5.3385813000000004e-2],"min_time_f64":[1.6125000000000002e-5,4.0291000000000004e-5,9.425e-5,2.1345900000000002e-4,4.8641600000000004e-4,1.074208e-3,2.3427920000000002e-3,5.127416e-3,1.1193042e-2,2.4987625000000003e-2,5.4156333e-2],"med_time_f64":[1.6250000000000002e-5,4.0375000000000006e-5,9.466650000000001e-5,2.1683300000000002e-4,4.88729e-4,1.0859580000000001e-3,2.3814375e-3,5.2371455e-3,1.1312875e-2,2.5369771e-2,5.471187550000001e-2]}