{"m":[4,5,6,7,8,9,10,11,12,13,14],"n_rep":100,"n_loop":500,"sleep_ns":1000,"fft_name":"cp_dit_dr.zig","min_time_f32":[1.8041000000000002e-5,4.4792e-5,1.0250000000000001e-4,2.3091700000000003e-4,5.117920000000001e-4,1.130209e-3,2.464833e-3,5.3225e-3,1.1191583000000001e-2,2.4034125e-2,5.3093e-2],"med_time_f32":[1.81455e-5,4.5125000000000006e-5,1.0362500000000001e-4,2.3933300000000002e-4,5.13292e-4,1.134917e-3,2.4804170000000004e-3,5.370417000000001e-3,1.14302085e-2,2.43903335e-2,5.33841665e-2],"min_time_f64":[1.7625e-5,4.3958e-5,9.9834e-5,2.26209e-4,5.02041e-4,1.109125e-3,2.3878330000000002e-3,5.1807910000000006e-3,1.128875e-2,2.53075e-2,5.439600000000001e-2],"med_time_f64":[1.7708e-5,4.4042e-5,1.0043750000000001e-4,2.267295e-4,5.0325e-4,1.1123955000000001e-3,2.422375e-3,5.2526455e-3,1.1399521000000001e-2,2.5481146000000003e-2,5.4697354000000004e-2]}