{"m":[4,5,6,7,8,9,10,11,12,13,14],"n_rep":100,"n_loop":500,"sleep_ns":1000,"fft_name":"ct_dit_bi_P.zig","min_time_f32":[1.2208e-5,2.975e-5,6.9875e-5,1.63875e-4,3.84041e-4,8.794580000000001e-4,1.981292e-3,4.3755e-3,9.47825e-3,2.081475e-2,4.60175e-2],"med_time_f32":[1.2542000000000001e-5,2.9833e-5,7.287500000000001e-5,1.6425e-4,3.844585e-4,8.82459e-4,1.9880205000000002e-3,4.4305005e-3,9.7021875e-3,2.09361045e-2,4.62549375e-2],"min_time_f64":[1.2750000000000002e-5,3.125e-5,7.545900000000001e-5,1.7795900000000002e-4,4.1779100000000004e-4,9.505420000000001e-4,2.1315830000000003e-3,4.738709000000001e-3,1.0619166000000001e-2,2.5135792e-2,5.6495625e-2],"med_time_f64":[1.3000000000000001e-5,3.1375000000000004e-5,7.67705e-5,1.7816700000000002e-4,4.207915e-4,9.613750000000001e-4,2.1485415e-3,4.7836255e-3,1.06925205e-2,2.5418229e-2,5.6701979e-2]}