{"m":[4,5,6,7,8,9,10,11,12,13,14],"n_rep":100,"n_loop":500,"sleep_ns":1000,"fft_name":"ct_dit_bi_N.zig","min_time_f32":[2.7333e-5,4.8416000000000005e-5,1.0687500000000001e-4,2.37833e-4,5.445420000000001e-4,1.231e-3,2.681375e-3,5.722584e-3,1.2153416e-2,2.6230125e-2,5.6546458e-2],"med_time_f32":[2.8417000000000003e-5,4.8958e-5,1.0704200000000001e-4,2.3806250000000002e-4,5.525835000000001e-4,1.2368955000000002e-3,2.6868335e-3,5.8507080000000005e-3,1.22705205e-2,2.6394479000000002e-2,5.70935625e-2],"min_time_f64":[3.3e-5,5.6708000000000007e-5,1.26875e-4,2.85125e-4,6.61084e-4,1.4443750000000001e-3,3.103208e-3,6.6590830000000005e-3,1.4297875000000002e-2,3.4056875e-2,8.1037042e-2],"med_time_f64":[3.4854e-5,5.8854e-5,1.26958e-4,2.896875e-4,6.638125000000001e-4,1.447479e-3,3.1115e-3,6.6863545e-3,1.4499729500000001e-2,3.4785313e-2,8.19649375e-2]}