{"m":[4,5,6,7,8,9,10,11,12,13,14],"n_rep":100,"n_loop":500,"sleep_ns":1000,"fft_name":"ct_dit_dr_P.zig","min_time_f32":[1.5375e-5,3.9208e-5,9.4083e-5,2.19709e-4,5.005000000000001e-4,1.1226250000000001e-3,2.383042e-3,5.153292e-3,1.12425e-2,2.4514208000000003e-2,5.5968417000000006e-2],"med_time_f32":[1.55e-5,3.9584e-5,9.485400000000001e-5,2.214165e-4,5.031874999999999e-4,1.1282710000000001e-3,2.5096665000000004e-3,5.2595e-3,1.1444646000000001e-2,2.4972062500000003e-2,5.64717085e-2],"min_time_f64":[1.6042e-5,3.9708e-5,9.4708e-5,2.2033300000000002e-4,5.01875e-4,1.125291e-3,2.4772920000000003e-3,5.458833000000001e-3,1.2468791000000002e-2,2.8446375000000003e-2,6.1926875000000006e-2],"med_time_f64":[1.6416e-5,4.1125000000000004e-5,9.495900000000001e-5,2.20625e-4,5.04104e-4,1.1282500000000001e-3,2.524604e-3,5.5469375e-3,1.25970205e-2,2.882825e-2,6.21569795e-2]}