{"m":[4,5,6,7,8,9,10,11,12,13,14],"n_rep":100,"n_loop":500,"sleep_ns":1000,"fft_name":"mr_dit_dr_S_P.zig","min_time_f32":[1.3500000000000001e-5,4.2416e-5,8.2125e-5,2.2637500000000001e-4,4.4258300000000003e-4,1.0945e-3,2.1516250000000003e-3,5.262584000000001e-3,1.0233292000000001e-2,2.4388375e-2,4.8463625e-2],"med_time_f32":[1.3583e-5,4.2583e-5,8.2209e-5,2.27583e-4,4.43292e-4,1.1383335e-3,2.2321665000000004e-3,5.3901665e-3,1.04199585e-2,2.4462229000000002e-2,4.84983125e-2],"min_time_f64":[1.2833e-5,4.0375000000000006e-5,7.7833e-5,2.14875e-4,4.1845900000000004e-4,1.074333e-3,2.1060830000000003e-3,5.160375e-3,1.0149708e-2,2.5797042000000003e-2,4.9413583000000004e-2],"med_time_f64":[1.2875000000000001e-5,4.0417e-5,7.7916e-5,2.1500000000000002e-4,4.1864550000000005e-4,1.0770830000000002e-3,2.108792e-3,5.163125e-3,1.0156709e-2,2.59012085e-2,4.948583350000001e-2]}