{"m":[4,5,6,7,8,9,10,11,12,13,14],"n_rep":100,"n_loop":500,"sleep_ns":1000,"fft_name":"mr_dit_bi_G_P.zig","min_time_f32":[9.75e-6,2.8666000000000003e-5,6.15e-5,1.61e-4,3.4170800000000003e-4,8.445830000000001e-4,1.768625e-3,4.149666000000001e-3,8.493917e-3,1.9883208000000003e-2,4.4695041000000005e-2],"med_time_f32":[9.792e-6,2.875e-5,6.387500000000001e-5,1.6114550000000002e-4,3.42021e-4,8.4725e-4,1.775104e-3,4.1629585e-3,8.6429375e-3,2.0323833500000003e-2,4.4966958e-2],"min_time_f64":[1.0666000000000001e-5,2.85e-5,6.5333e-5,1.6045800000000001e-4,3.5558300000000003e-4,8.41417e-4,1.819e-3,4.1556250000000005e-3,8.947292e-3,2.1839208000000002e-2,1.1546033400000001e-1],"med_time_f64":[1.0834e-5,2.8645500000000002e-5,6.8125e-5,1.60875e-4,3.55833e-4,8.445000000000001e-4,1.839542e-3,4.210479e-3,9.012312500000001e-3,2.1941958500000004e-2,1.1679033350000001e-1]}