{"m":[4,5,6,7,8,9,10,11,12,13,14],"n_rep":100,"n_loop":500,"sleep_ns":1000,"fft_name":"sr_dit_bi_G_L_P.zig","min_time_f32":[1.1708e-5,2.9542000000000003e-5,7.3667e-5,1.7404100000000002e-4,4.0108300000000005e-4,9.090000000000001e-4,2.111833e-3,4.495875e-3,9.736791e-3,2.1780334000000002e-2,5.1923458000000006e-2],"med_time_f32":[1.1833e-5,2.975e-5,7.65e-5,1.7447950000000002e-4,4.0387500000000005e-4,9.32188e-4,2.1183960000000003e-3,4.672062500000001e-3,9.881771000000001e-3,2.2378083e-2,5.3335479500000005e-2],"min_time_f64":[1.2125e-5,3.0666e-5,1.1e-4,1.75708e-4,4.03459e-4,9.14458e-4,2.121417e-3,4.713084e-3,1.0775958e-2,2.8113792000000002e-2,1.1863512500000001e-1],"med_time_f64":[1.2167e-5,3.1687000000000003e-5,1.118335e-4,1.75792e-4,4.037085e-4,9.17521e-4,2.1345415e-3,4.8028125e-3,1.0982541500000002e-2,2.84489165e-2,1.198026875e-1]}